study_skill,match_count
Język angielski,4093
Sztuczna inteligencja,4053
Effective communication in academic and professional contexts.,3980
Metody badawcze,3862
R,3818
"Managing teams, resolving conflicts, and motivating others.",3757
Communicating effectively across different cultures and languages.,3723
Metody i narzędzia badawcze,3549
Metody i narzędzia zarządzania projektami,3523
Using tools to analyze and present data effectively.,3498
Systemy informatyczne zarządzania,3490
"Tworzenie innowacyjnych rozwiązań, kreatywne myślenie, projektowanie produktów.",3375
Ensuring correctness and responsibility for results.,3374
Continuously developing skills and knowledge.,3350
"Ability to analyze data, models, and complex systems to draw conclusions.",3265
"Working effectively with diverse, cross-disciplinary teams.",3135
Metody analizy danych,3132
Metody projektowania innowacyjnego przedsiębiorstwa,3065
"Prezentacja wyników, argumentacja, negocjacje, komunikacja międzykulturowa.",3053
Metody i narzędzia analizy danych,2943
Metody i techniki wspierające rozwiązywanie problemów biznesowych,2821
"Zrozumienie różnic kulturowych, adaptacja strategii komunikacji.",2669
Identifying issues and developing effective solutions.,2568
Problem solving with innovative and divergent thinking.,2529
"Analiza i ocena informacji, krytyczna interpretacja wyników badań.",2477
Constructing and solving models for decision support.,2420
Metody i narzędzia symulacyjne,2293
Applying human-centered approaches to solve problems creatively.,2239
Persuading and reaching agreements to achieve goals.,2218
Microsoft Project,2190
"Planning, organizing, and controlling projects using tools like MS Project.",1930
"Formulating hypotheses, literature review, and data analysis.",1459
SQL,1437
"Understanding norms, standards, and social mechanisms in organizations.",1298
"Planowanie rozwoju osobistego, uczenie się przez całe życie.",1237
Evaluating the scope and level of knowledge independently and critically.,1216
Python libraries for data analysis,1173
Applying professional and ethical standards in decision-making.,1120
Understanding cloud services and their applications in management.,1075
"Przestrzeganie zasad etycznych, odpowiedzialność, transparentność.",980
Knowledge of classical and modern leadership approaches.,958
"Expressing ideas clearly both orally and in writing, including presentations.",900
"Cost calculations, budgeting, and financial analysis.",882
"Conducting literature analysis, hypothesis testing, and research design.",863
MATLAB,648
Język hiszpański,642
Python,624
Język francuski,527
Język niemiecki,516
Systemy normatywne z obszaru etyki,483
Handling uncertainty and change effectively.,447
Język rosyjski,436
"Understanding laws related to business, technology, and ethics.",405
"Knowledge of game theory, stochastic, and robust optimization.",365
Język japoński,327
Understanding and applying ethical principles in technology use.,166
